{"assets/.DS_Store":["assets/.DS_Store"],"assets/enzipe.svg":["assets/enzipe.svg"],"assets/late.svg":["assets/late.svg"],"assets/leaves.svg":["assets/leaves.svg"],"assets/logo.svg":["assets/logo.svg"],"assets/portal.svg":["assets/portal.svg"],"assets/profileicon.svg":["assets/profileicon.svg"],"assets/scan.png":["assets/scan.png"],"assets/scan.svg":["assets/scan.svg"],"assets/started.svg":["assets/started.svg"],"assets/text.svg":["assets/text.svg"],"packages/cupertino_icons/assets/CupertinoIcons.ttf":["packages/cupertino_icons/assets/CupertinoIcons.ttf"],"packages/screencapture/lib/assets/libsnap.so":["packages/screencapture/lib/assets/libsnap.so"],"packages/window_manager/images/ic_chrome_close.png":["packages/window_manager/images/ic_chrome_close.png"],"packages/window_manager/images/ic_chrome_maximize.png":["packages/window_manager/images/ic_chrome_maximize.png"],"packages/window_manager/images/ic_chrome_minimize.png":["packages/window_manager/images/ic_chrome_minimize.png"],"packages/window_manager/images/ic_chrome_unmaximize.png":["packages/window_manager/images/ic_chrome_unmaximize.png"]}